Category,Value
Gzip (1.51 GB),13.1259120991006
bzip2 (1.51 GB),22.1858597447297
Gzip (4.46 GB),14.8432168968318
bzip2 (4.46GB),25.1583411356502
